insert into Dim_Tipo_Cultura values (1,'Permanente');
insert into Dim_Tipo_Cultura values (2,'Temporária');

insert into Dim_Cultura values (1,1,'Cereja');
insert into Dim_Cultura values (2,1,'Abacate');
insert into Dim_Cultura values (3,2,'Cenoura');
insert into Dim_Cultura values (4,1,'Espinafre');
insert into Dim_Cultura values (5,1,'Batata');
insert into Dim_Cultura values (6,2,'Cebola');
insert into Dim_Cultura values (7,2,'Rabanete');
insert into Dim_Cultura values (8,2,'Ananás');
insert into Dim_Cultura values (9,2,'Feijão');
insert into Dim_Cultura values (10,2,'Alho Francês');

insert into Dim_Produto values (1,1, 25.99);
insert into Dim_Produto values (2,2, 25.99);
insert into Dim_Produto values (3,3, 15.99);
insert into Dim_Produto values (4,4, 25.99);
insert into Dim_Produto values (5,5, 18.99);
insert into Dim_Produto values (6,6, 20.99);
insert into Dim_Produto values (7,7, 27.99);
insert into Dim_Produto values (8,8, 30.99);
insert into Dim_Produto values (9,9, 15.99);
insert into Dim_Produto values (10,10, 20.99);

INSERT INTO DIM_ANO (ID_Ano_pk ,Nome_Ano) VALUES (1,2022);
INSERT INTO DIM_ANO (ID_Ano_pk ,Nome_Ano) VALUES (2,2021);
INSERT INTO DIM_ANO (ID_Ano_pk ,Nome_Ano) VALUES (3,2020);
INSERT INTO DIM_ANO (ID_Ano_pk ,Nome_Ano) VALUES (4,2019);
INSERT INTO DIM_ANO (ID_Ano_pk ,Nome_Ano) VALUES (5,2018);
INSERT INTO DIM_ANO (ID_Ano_pk ,Nome_Ano) VALUES (6,2017);
INSERT INTO DIM_ANO (ID_Ano_pk ,Nome_Ano) VALUES (7,2016);
INSERT INTO DIM_ANO (ID_Ano_pk ,Nome_Ano) VALUES (8,2015);
INSERT INTO DIM_ANO (ID_Ano_pk ,Nome_Ano) VALUES (9,2014);
INSERT INTO DIM_ANO (ID_Ano_pk ,Nome_Ano) VALUES (10,2013);

INSERT INTO DIM_MES(ID_Mes_ck,ID_Ano_ck ,Nome_Mes) VALUES (1,1,'janeiro');
INSERT INTO DIM_MES(ID_Mes_ck,ID_Ano_ck ,Nome_Mes) VALUES (2,1,'fevereiro');
INSERT INTO DIM_MES(ID_Mes_ck,ID_Ano_ck ,Nome_Mes) VALUES (3,1,'março');
INSERT INTO DIM_MES(ID_Mes_ck,ID_Ano_ck ,Nome_Mes) VALUES (4,1,'abril');
INSERT INTO DIM_MES(ID_Mes_ck,ID_Ano_ck ,Nome_Mes) VALUES (5,1,'maio');
INSERT INTO DIM_MES(ID_Mes_ck,ID_Ano_ck ,Nome_Mes) VALUES (6,1,'junho');
INSERT INTO DIM_MES(ID_Mes_ck,ID_Ano_ck ,Nome_Mes) VALUES (7,1,'julho');
INSERT INTO DIM_MES(ID_Mes_ck,ID_Ano_ck ,Nome_Mes) VALUES (8,1,'agosto');
INSERT INTO DIM_MES(ID_Mes_ck,ID_Ano_ck ,Nome_Mes) VALUES (9,1,'setembro');
INSERT INTO DIM_MES(ID_Mes_ck,ID_Ano_ck ,Nome_Mes) VALUES (10,1,'outubro');
INSERT INTO DIM_MES(ID_Mes_ck,ID_Ano_ck ,Nome_Mes) VALUES (11,1,'novembro');
INSERT INTO DIM_MES(ID_Mes_ck,ID_Ano_ck,Nome_Mes) VALUES (12,1,'dezembro');

INSERT INTO DIM_MES(ID_Mes_ck,ID_Ano_ck,Nome_Mes) VALUES (13,2,'janeiro');
INSERT INTO DIM_MES(ID_Mes_ck,ID_Ano_ck,Nome_Mes) VALUES (14,2,'fevereiro');
INSERT INTO DIM_MES(ID_Mes_ck,ID_Ano_ck,Nome_Mes) VALUES (15,2,'março');
INSERT INTO DIM_MES(ID_Mes_ck,ID_Ano_ck,Nome_Mes) VALUES (16,2,'abril');
INSERT INTO DIM_MES(ID_Mes_ck,ID_Ano_ck,Nome_Mes) VALUES (17,2,'maio');
INSERT INTO DIM_MES(ID_Mes_ck,ID_Ano_ck,Nome_Mes) VALUES (18,2,'junho');
INSERT INTO DIM_MES(ID_Mes_ck,ID_Ano_ck,Nome_Mes) VALUES (19,2,'julho');
INSERT INTO DIM_MES(ID_Mes_ck,ID_Ano_ck,Nome_Mes) VALUES (20,2,'agosto');
INSERT INTO DIM_MES(ID_Mes_ck,ID_Ano_ck,Nome_Mes) VALUES (21,2,'setembro');
INSERT INTO DIM_MES(ID_Mes_ck,ID_Ano_ck,Nome_Mes) VALUES (22,2,'outubro');
INSERT INTO DIM_MES(ID_Mes_ck,ID_Ano_ck,Nome_Mes) VALUES (23,2,'novembro');
INSERT INTO DIM_MES(ID_Mes_ck,ID_Ano_ck,Nome_Mes) VALUES (24,2,'dezembro');

INSERT INTO DIM_MES(ID_Mes_ck,ID_Ano_ck,Nome_Mes) VALUES (25,3,'janeiro');
INSERT INTO DIM_MES(ID_Mes_ck,ID_Ano_ck,Nome_Mes) VALUES (26,3,'fevereiro');
INSERT INTO DIM_MES(ID_Mes_ck,ID_Ano_ck,Nome_Mes) VALUES (27,3,'março');
INSERT INTO DIM_MES(ID_Mes_ck,ID_Ano_ck,Nome_Mes) VALUES (28,3,'abril');
INSERT INTO DIM_MES(ID_Mes_ck,ID_Ano_ck,Nome_Mes) VALUES (29,3,'maio');
INSERT INTO DIM_MES(ID_Mes_ck,ID_Ano_ck,Nome_Mes) VALUES (30,3,'junho');
INSERT INTO DIM_MES(ID_Mes_ck,ID_Ano_ck,Nome_Mes) VALUES (31,3,'julho');
INSERT INTO DIM_MES(ID_Mes_ck,ID_Ano_ck,Nome_Mes) VALUES (33,3,'agosto');
INSERT INTO DIM_MES(ID_Mes_ck,ID_Ano_ck,Nome_Mes) VALUES (121,3,'setembro');
INSERT INTO DIM_MES(ID_Mes_ck,ID_Ano_ck,Nome_Mes) VALUES (34,3,'outubro');
INSERT INTO DIM_MES(ID_Mes_ck,ID_Ano_ck,Nome_Mes) VALUES (35,3,'novembro');
INSERT INTO DIM_MES(ID_Mes_ck,ID_Ano_ck,Nome_Mes) VALUES (36,3,'dezembro');

INSERT INTO DIM_MES(ID_Mes_ck,ID_Ano_ck,Nome_Mes) VALUES (37,4,'janeiro');
INSERT INTO DIM_MES(ID_Mes_ck,ID_Ano_ck,Nome_Mes) VALUES (38,4,'fevereiro');
INSERT INTO DIM_MES(ID_Mes_ck,ID_Ano_ck,Nome_Mes) VALUES (39,4,'março');
INSERT INTO DIM_MES(ID_Mes_ck,ID_Ano_ck,Nome_Mes) VALUES (40,4,'abril');
INSERT INTO DIM_MES(ID_Mes_ck,ID_Ano_ck,Nome_Mes) VALUES (41,4,'maio');
INSERT INTO DIM_MES(ID_Mes_ck,ID_Ano_ck,Nome_Mes) VALUES (42,4,'junho');
INSERT INTO DIM_MES(ID_Mes_ck,ID_Ano_ck,Nome_Mes) VALUES (43,4,'julho');
INSERT INTO DIM_MES(ID_Mes_ck,ID_Ano_ck,Nome_Mes) VALUES (44,4,'agosto');
INSERT INTO DIM_MES(ID_Mes_ck,ID_Ano_ck,Nome_Mes) VALUES (45,4,'setembro');
INSERT INTO DIM_MES(ID_Mes_ck,ID_Ano_ck,Nome_Mes) VALUES (46,4,'outubro');
INSERT INTO DIM_MES(ID_Mes_ck,ID_Ano_ck,Nome_Mes) VALUES (47,4,'novembro');
INSERT INTO DIM_MES(ID_Mes_ck,ID_Ano_ck,Nome_Mes) VALUES (48,4,'dezembro');

INSERT INTO DIM_MES(ID_Mes_ck,ID_Ano_ck,Nome_Mes) VALUES (49,5,'janeiro');
INSERT INTO DIM_MES(ID_Mes_ck,ID_Ano_ck,Nome_Mes) VALUES (50,5,'fevereiro');
INSERT INTO DIM_MES(ID_Mes_ck,ID_Ano_ck,Nome_Mes) VALUES (51,5,'março');
INSERT INTO DIM_MES(ID_Mes_ck,ID_Ano_ck,Nome_Mes) VALUES (52,5,'abril');
INSERT INTO DIM_MES(ID_Mes_ck,ID_Ano_ck,Nome_Mes) VALUES (53,5,'maio');
INSERT INTO DIM_MES(ID_Mes_ck,ID_Ano_ck,Nome_Mes) VALUES (54,5,'junho');
INSERT INTO DIM_MES(ID_Mes_ck,ID_Ano_ck,Nome_Mes) VALUES (55,5,'julho');
INSERT INTO DIM_MES(ID_Mes_ck,ID_Ano_ck,Nome_Mes) VALUES (56,5,'agosto');
INSERT INTO DIM_MES(ID_Mes_ck,ID_Ano_ck,Nome_Mes) VALUES (57,5,'setembro');
INSERT INTO DIM_MES(ID_Mes_ck,ID_Ano_ck,Nome_Mes) VALUES (58,5,'outubro');
INSERT INTO DIM_MES(ID_Mes_ck,ID_Ano_ck,Nome_Mes) VALUES (59,5,'novembro');
INSERT INTO DIM_MES(ID_Mes_ck,ID_Ano_ck,Nome_Mes) VALUES (60,5,'dezembro');

INSERT INTO DIM_MES(ID_Mes_ck,ID_Ano_ck,Nome_Mes) VALUES (61,6,'janeiro');
INSERT INTO DIM_MES(ID_Mes_ck,ID_Ano_ck,Nome_Mes) VALUES (62,6,'fevereiro');
INSERT INTO DIM_MES(ID_Mes_ck,ID_Ano_ck,Nome_Mes) VALUES (63,6,'março');
INSERT INTO DIM_MES(ID_Mes_ck,ID_Ano_ck,Nome_Mes) VALUES (64,6,'abril');
INSERT INTO DIM_MES(ID_Mes_ck,ID_Ano_ck,Nome_Mes) VALUES (65,6,'maio');
INSERT INTO DIM_MES(ID_Mes_ck,ID_Ano_ck,Nome_Mes) VALUES (66,6,'junho');
INSERT INTO DIM_MES(ID_Mes_ck,ID_Ano_ck,Nome_Mes) VALUES (67,6,'julho');
INSERT INTO DIM_MES(ID_Mes_ck,ID_Ano_ck,Nome_Mes) VALUES (68,6,'agosto');
INSERT INTO DIM_MES(ID_Mes_ck,ID_Ano_ck,Nome_Mes) VALUES (69,6,'setembro');
INSERT INTO DIM_MES(ID_Mes_ck,ID_Ano_ck,Nome_Mes) VALUES (70,6,'outubro');
INSERT INTO DIM_MES(ID_Mes_ck,ID_Ano_ck,Nome_Mes) VALUES (71,6,'novembro');
INSERT INTO DIM_MES(ID_Mes_ck,ID_Ano_ck,Nome_Mes) VALUES (72,6,'dezembro');

INSERT INTO DIM_MES(ID_Mes_ck,ID_Ano_ck,Nome_Mes) VALUES (73,7,'janeiro');
INSERT INTO DIM_MES(ID_Mes_ck,ID_Ano_ck,Nome_Mes) VALUES (74,7,'fevereiro');
INSERT INTO DIM_MES(ID_Mes_ck,ID_Ano_ck,Nome_Mes) VALUES (75,7,'março');
INSERT INTO DIM_MES(ID_Mes_ck,ID_Ano_ck,Nome_Mes) VALUES (76,7,'abril');
INSERT INTO DIM_MES(ID_Mes_ck,ID_Ano_ck,Nome_Mes) VALUES (77,7,'maio');
INSERT INTO DIM_MES(ID_Mes_ck,ID_Ano_ck,Nome_Mes) VALUES (78,7,'junho');
INSERT INTO DIM_MES(ID_Mes_ck,ID_Ano_ck,Nome_Mes) VALUES (79,7,'julho');
INSERT INTO DIM_MES(ID_Mes_ck,ID_Ano_ck,Nome_Mes) VALUES (80,7,'agosto');
INSERT INTO DIM_MES(ID_Mes_ck,ID_Ano_ck,Nome_Mes) VALUES (81,7,'setembro');
INSERT INTO DIM_MES(ID_Mes_ck,ID_Ano_ck,Nome_Mes) VALUES (82,7,'outubro');
INSERT INTO DIM_MES(ID_Mes_ck,ID_Ano_ck,Nome_Mes) VALUES (83,7,'novembro');
INSERT INTO DIM_MES(ID_Mes_ck,ID_Ano_ck,Nome_Mes) VALUES (84,7,'dezembro');

INSERT INTO DIM_MES(ID_Mes_ck,ID_Ano_ck,Nome_Mes) VALUES (85,8,'janeiro');
INSERT INTO DIM_MES(ID_Mes_ck,ID_Ano_ck,Nome_Mes) VALUES (86,8,'fevereiro');
INSERT INTO DIM_MES(ID_Mes_ck,ID_Ano_ck,Nome_Mes) VALUES (87,8,'março');
INSERT INTO DIM_MES(ID_Mes_ck,ID_Ano_ck,Nome_Mes) VALUES (88,8,'abril');
INSERT INTO DIM_MES(ID_Mes_ck,ID_Ano_ck,Nome_Mes) VALUES (89,8,'maio');
INSERT INTO DIM_MES(ID_Mes_ck,ID_Ano_ck,Nome_Mes) VALUES (90,8,'junho');
INSERT INTO DIM_MES(ID_Mes_ck,ID_Ano_ck,Nome_Mes) VALUES (91,8,'julho');
INSERT INTO DIM_MES(ID_Mes_ck,ID_Ano_ck,Nome_Mes) VALUES (92,8,'agosto');
INSERT INTO DIM_MES(ID_Mes_ck,ID_Ano_ck,Nome_Mes) VALUES (93,8,'setembro');
INSERT INTO DIM_MES(ID_Mes_ck,ID_Ano_ck,Nome_Mes) VALUES (94,8,'outubro');
INSERT INTO DIM_MES(ID_Mes_ck,ID_Ano_ck,Nome_Mes) VALUES (95,8,'novembro');
INSERT INTO DIM_MES(ID_Mes_ck,ID_Ano_ck,Nome_Mes) VALUES (96,8,'dezembro');

INSERT INTO DIM_MES(ID_Mes_ck,ID_Ano_ck,Nome_Mes) VALUES (97,9,'janeiro');
INSERT INTO DIM_MES(ID_Mes_ck,ID_Ano_ck,Nome_Mes) VALUES (98,9,'fevereiro');
INSERT INTO DIM_MES(ID_Mes_ck,ID_Ano_ck,Nome_Mes) VALUES (99,9,'março');
INSERT INTO DIM_MES(ID_Mes_ck,ID_Ano_ck,Nome_Mes) VALUES (100,9,'abril');
INSERT INTO DIM_MES(ID_Mes_ck,ID_Ano_ck,Nome_Mes) VALUES (101,9,'maio');
INSERT INTO DIM_MES(ID_Mes_ck,ID_Ano_ck,Nome_Mes) VALUES (102,9,'junho');
INSERT INTO DIM_MES(ID_Mes_ck,ID_Ano_ck,Nome_Mes) VALUES (103,9,'julho');
INSERT INTO DIM_MES(ID_Mes_ck,ID_Ano_ck,Nome_Mes) VALUES (104,9,'agosto');
INSERT INTO DIM_MES(ID_Mes_ck,ID_Ano_ck,Nome_Mes) VALUES (105,9,'setembro');
INSERT INTO DIM_MES(ID_Mes_ck,ID_Ano_ck,Nome_Mes) VALUES (106,9,'outubro');
INSERT INTO DIM_MES(ID_Mes_ck,ID_Ano_ck,Nome_Mes) VALUES (107,9,'novembro');
INSERT INTO DIM_MES(ID_Mes_ck,ID_Ano_ck,Nome_Mes) VALUES (108,9,'dezembro');

INSERT INTO DIM_MES(ID_Mes_ck,ID_Ano_ck,Nome_Mes) VALUES (109,10,'janeiro');
INSERT INTO DIM_MES(ID_Mes_ck,ID_Ano_ck,Nome_Mes) VALUES (110,10,'fevereiro');
INSERT INTO DIM_MES(ID_Mes_ck,ID_Ano_ck,Nome_Mes) VALUES (111,10,'março');
INSERT INTO DIM_MES(ID_Mes_ck,ID_Ano_ck,Nome_Mes) VALUES (112,10,'abril');
INSERT INTO DIM_MES(ID_Mes_ck,ID_Ano_ck,Nome_Mes) VALUES (113,10,'maio');
INSERT INTO DIM_MES(ID_Mes_ck,ID_Ano_ck,Nome_Mes) VALUES (114,10,'junho');
INSERT INTO DIM_MES(ID_Mes_ck,ID_Ano_ck,Nome_Mes) VALUES (115,10,'julho');
INSERT INTO DIM_MES(ID_Mes_ck,ID_Ano_ck,Nome_Mes) VALUES (116,10,'agosto');
INSERT INTO DIM_MES(ID_Mes_ck,ID_Ano_ck,Nome_Mes) VALUES (117,10,'setembro');
INSERT INTO DIM_MES(ID_Mes_ck,ID_Ano_ck,Nome_Mes) VALUES (118,10,'outubro');
INSERT INTO DIM_MES(ID_Mes_ck,ID_Ano_ck,Nome_Mes) VALUES (119,10,'novembro');
INSERT INTO DIM_MES(ID_Mes_ck,ID_Ano_ck,Nome_Mes) VALUES (120,10,'dezembro');

INSERT INTO DIM_Tempo(ID_Mes_fk,ID_Ano_fk,ID_Tempo_pk) VALUES (1,1,1);
INSERT INTO DIM_Tempo(ID_Mes_fk,ID_Ano_fk,ID_Tempo_pk) VALUES (2,1,2);
INSERT INTO DIM_Tempo(ID_Mes_fk,ID_Ano_fk,ID_Tempo_pk) VALUES (3,1,3);
INSERT INTO DIM_Tempo(ID_Mes_fk,ID_Ano_fk,ID_Tempo_pk) VALUES (4,1,4);
INSERT INTO DIM_Tempo(ID_Mes_fk,ID_Ano_fk,ID_Tempo_pk) VALUES (5,1,5);
INSERT INTO DIM_Tempo(ID_Mes_fk,ID_Ano_fk,ID_Tempo_pk) VALUES (6,1,6);
INSERT INTO DIM_Tempo(ID_Mes_fk,ID_Ano_fk,ID_Tempo_pk) VALUES (7,1,7);
INSERT INTO DIM_Tempo(ID_Mes_fk,ID_Ano_fk,ID_Tempo_pk) VALUES (8,1,8);
INSERT INTO DIM_Tempo(ID_Mes_fk,ID_Ano_fk,ID_Tempo_pk) VALUES (9,1,9);
INSERT INTO DIM_Tempo(ID_Mes_fk,ID_Ano_fk,ID_Tempo_pk) VALUES (10,1,10);
INSERT INTO DIM_Tempo(ID_Mes_fk,ID_Ano_fk,ID_Tempo_pk) VALUES (11,1,11);
INSERT INTO DIM_Tempo(ID_Mes_fk,ID_Ano_fk,ID_Tempo_pk) VALUES (12,1,12);

INSERT INTO DIM_Tempo(ID_Mes_fk,ID_Ano_fk,ID_Tempo_pk) VALUES (13,2,13);
INSERT INTO DIM_Tempo(ID_Mes_fk,ID_Ano_fk,ID_Tempo_pk) VALUES (14,2,14);
INSERT INTO DIM_Tempo(ID_Mes_fk,ID_Ano_fk,ID_Tempo_pk) VALUES (15,2,15);
INSERT INTO DIM_Tempo(ID_Mes_fk,ID_Ano_fk,ID_Tempo_pk) VALUES (16,2,16);
INSERT INTO DIM_Tempo(ID_Mes_fk,ID_Ano_fk,ID_Tempo_pk) VALUES (17,2,17);
INSERT INTO DIM_Tempo(ID_Mes_fk,ID_Ano_fk,ID_Tempo_pk) VALUES (18,2,18);
INSERT INTO DIM_Tempo(ID_Mes_fk,ID_Ano_fk,ID_Tempo_pk) VALUES (19,2,19);
INSERT INTO DIM_Tempo(ID_Mes_fk,ID_Ano_fk,ID_Tempo_pk) VALUES (20,2,20);
INSERT INTO DIM_Tempo(ID_Mes_fk,ID_Ano_fk,ID_Tempo_pk) VALUES (21,2,21);
INSERT INTO DIM_Tempo(ID_Mes_fk,ID_Ano_fk,ID_Tempo_pk) VALUES (22,2,22);
INSERT INTO DIM_Tempo(ID_Mes_fk,ID_Ano_fk,ID_Tempo_pk) VALUES (23,2,23);
INSERT INTO DIM_Tempo(ID_Mes_fk,ID_Ano_fk,ID_Tempo_pk) VALUES (24,2,24);

INSERT INTO DIM_Tempo(ID_Mes_fk,ID_Ano_fk,ID_Tempo_pk) VALUES (25,3,25);
INSERT INTO DIM_Tempo(ID_Mes_fk,ID_Ano_fk,ID_Tempo_pk) VALUES (26,3,26);
INSERT INTO DIM_Tempo(ID_Mes_fk,ID_Ano_fk,ID_Tempo_pk) VALUES (27,3,27);
INSERT INTO DIM_Tempo(ID_Mes_fk,ID_Ano_fk,ID_Tempo_pk) VALUES (28,3,28);
INSERT INTO DIM_Tempo(ID_Mes_fk,ID_Ano_fk,ID_Tempo_pk) VALUES (29,3,29);
INSERT INTO DIM_Tempo(ID_Mes_fk,ID_Ano_fk,ID_Tempo_pk) VALUES (30,3,30);
INSERT INTO DIM_Tempo(ID_Mes_fk,ID_Ano_fk,ID_Tempo_pk) VALUES (31,3,31);
INSERT INTO DIM_Tempo(ID_Mes_fk,ID_Ano_fk,ID_Tempo_pk) VALUES (33,3,33);
INSERT INTO DIM_Tempo(ID_Mes_fk,ID_Ano_fk,ID_Tempo_pk) VALUES (121,3,121);
INSERT INTO DIM_Tempo(ID_Mes_fk,ID_Ano_fk,ID_Tempo_pk) VALUES (34,3,34);
INSERT INTO DIM_Tempo(ID_Mes_fk,ID_Ano_fk,ID_Tempo_pk) VALUES (35,3,35);
INSERT INTO DIM_Tempo(ID_Mes_fk,ID_Ano_fk,ID_Tempo_pk) VALUES (36,3,36);


INSERT INTO DIM_Tempo(ID_Mes_fk,ID_Ano_fk,ID_Tempo_pk) VALUES (37,4,37);
INSERT INTO DIM_Tempo(ID_Mes_fk,ID_Ano_fk,ID_Tempo_pk) VALUES (38,4,38);
INSERT INTO DIM_Tempo(ID_Mes_fk,ID_Ano_fk,ID_Tempo_pk) VALUES (39,4,39);
INSERT INTO DIM_Tempo(ID_Mes_fk,ID_Ano_fk,ID_Tempo_pk) VALUES (40,4,40);
INSERT INTO DIM_Tempo(ID_Mes_fk,ID_Ano_fk,ID_Tempo_pk) VALUES (41,4,41);
INSERT INTO DIM_Tempo(ID_Mes_fk,ID_Ano_fk,ID_Tempo_pk) VALUES (42,4,42);
INSERT INTO DIM_Tempo(ID_Mes_fk,ID_Ano_fk,ID_Tempo_pk) VALUES (43,4,43);
INSERT INTO DIM_Tempo(ID_Mes_fk,ID_Ano_fk,ID_Tempo_pk) VALUES (44,4,44);
INSERT INTO DIM_Tempo(ID_Mes_fk,ID_Ano_fk,ID_Tempo_pk) VALUES (45,4,45);
INSERT INTO DIM_Tempo(ID_Mes_fk,ID_Ano_fk,ID_Tempo_pk) VALUES (46,4,46);
INSERT INTO DIM_Tempo(ID_Mes_fk,ID_Ano_fk,ID_Tempo_pk) VALUES (47,4,47);
INSERT INTO DIM_Tempo(ID_Mes_fk,ID_Ano_fk,ID_Tempo_pk) VALUES (48,4,48);

INSERT INTO DIM_Tempo(ID_Mes_fk,ID_Ano_fk,ID_Tempo_pk) VALUES (49,5,49);
INSERT INTO DIM_Tempo(ID_Mes_fk,ID_Ano_fk,ID_Tempo_pk) VALUES (50,5,50);
INSERT INTO DIM_Tempo(ID_Mes_fk,ID_Ano_fk,ID_Tempo_pk) VALUES (51,5,51);
INSERT INTO DIM_Tempo(ID_Mes_fk,ID_Ano_fk,ID_Tempo_pk) VALUES (52,5,52);
INSERT INTO DIM_Tempo(ID_Mes_fk,ID_Ano_fk,ID_Tempo_pk) VALUES (53,5,53);
INSERT INTO DIM_Tempo(ID_Mes_fk,ID_Ano_fk,ID_Tempo_pk) VALUES (54,5,54);
INSERT INTO DIM_Tempo(ID_Mes_fk,ID_Ano_fk,ID_Tempo_pk) VALUES (55,5,55);
INSERT INTO DIM_Tempo(ID_Mes_fk,ID_Ano_fk,ID_Tempo_pk) VALUES (56,5,56);
INSERT INTO DIM_Tempo(ID_Mes_fk,ID_Ano_fk,ID_Tempo_pk) VALUES (57,5,57);
INSERT INTO DIM_Tempo(ID_Mes_fk,ID_Ano_fk,ID_Tempo_pk) VALUES (58,5,58);
INSERT INTO DIM_Tempo(ID_Mes_fk,ID_Ano_fk,ID_Tempo_pk) VALUES (59,5,59);
INSERT INTO DIM_Tempo(ID_Mes_fk,ID_Ano_fk,ID_Tempo_pk) VALUES (60,5,60);

INSERT INTO DIM_Tempo(ID_Mes_fk,ID_Ano_fk,ID_Tempo_pk) VALUES (61,6,61);
INSERT INTO DIM_Tempo(ID_Mes_fk,ID_Ano_fk,ID_Tempo_pk) VALUES (62,6,62);
INSERT INTO DIM_Tempo(ID_Mes_fk,ID_Ano_fk,ID_Tempo_pk) VALUES (63,6,63);
INSERT INTO DIM_Tempo(ID_Mes_fk,ID_Ano_fk,ID_Tempo_pk) VALUES (64,6,64);
INSERT INTO DIM_Tempo(ID_Mes_fk,ID_Ano_fk,ID_Tempo_pk) VALUES (65,6,65);
INSERT INTO DIM_Tempo(ID_Mes_fk,ID_Ano_fk,ID_Tempo_pk) VALUES (66,6,66);
INSERT INTO DIM_Tempo(ID_Mes_fk,ID_Ano_fk,ID_Tempo_pk) VALUES (67,6,67);
INSERT INTO DIM_Tempo(ID_Mes_fk,ID_Ano_fk,ID_Tempo_pk) VALUES (68,6,68);
INSERT INTO DIM_Tempo(ID_Mes_fk,ID_Ano_fk,ID_Tempo_pk) VALUES (69,6,69);
INSERT INTO DIM_Tempo(ID_Mes_fk,ID_Ano_fk,ID_Tempo_pk) VALUES (70,6,70);
INSERT INTO DIM_Tempo(ID_Mes_fk,ID_Ano_fk,ID_Tempo_pk) VALUES (71,6,71);
INSERT INTO DIM_Tempo(ID_Mes_fk,ID_Ano_fk,ID_Tempo_pk) VALUES (72,6,72);

INSERT INTO DIM_Tempo(ID_Mes_fk,ID_Ano_fk,ID_Tempo_pk) VALUES (73,7,73);
INSERT INTO DIM_Tempo(ID_Mes_fk,ID_Ano_fk,ID_Tempo_pk) VALUES (74,7,74);
INSERT INTO DIM_Tempo(ID_Mes_fk,ID_Ano_fk,ID_Tempo_pk) VALUES (75,7,75);
INSERT INTO DIM_Tempo(ID_Mes_fk,ID_Ano_fk,ID_Tempo_pk) VALUES (76,7,76);
INSERT INTO DIM_Tempo(ID_Mes_fk,ID_Ano_fk,ID_Tempo_pk) VALUES (77,7,77);
INSERT INTO DIM_Tempo(ID_Mes_fk,ID_Ano_fk,ID_Tempo_pk) VALUES (78,7,78);
INSERT INTO DIM_Tempo(ID_Mes_fk,ID_Ano_fk,ID_Tempo_pk) VALUES (79,7,79);
INSERT INTO DIM_Tempo(ID_Mes_fk,ID_Ano_fk,ID_Tempo_pk) VALUES (80,7,80);
INSERT INTO DIM_Tempo(ID_Mes_fk,ID_Ano_fk,ID_Tempo_pk) VALUES (81,7,81);
INSERT INTO DIM_Tempo(ID_Mes_fk,ID_Ano_fk,ID_Tempo_pk) VALUES (82,7,82);
INSERT INTO DIM_Tempo(ID_Mes_fk,ID_Ano_fk,ID_Tempo_pk) VALUES (83,7,83);
INSERT INTO DIM_Tempo(ID_Mes_fk,ID_Ano_fk,ID_Tempo_pk) VALUES (84,7,84);

INSERT INTO DIM_Tempo(ID_Mes_fk,ID_Ano_fk,ID_Tempo_pk) VALUES (85,8,85);
INSERT INTO DIM_Tempo(ID_Mes_fk,ID_Ano_fk,ID_Tempo_pk) VALUES (86,8,86);
INSERT INTO DIM_Tempo(ID_Mes_fk,ID_Ano_fk,ID_Tempo_pk) VALUES (87,8,87);
INSERT INTO DIM_Tempo(ID_Mes_fk,ID_Ano_fk,ID_Tempo_pk) VALUES (88,8,88);
INSERT INTO DIM_Tempo(ID_Mes_fk,ID_Ano_fk,ID_Tempo_pk) VALUES (89,8,89);
INSERT INTO DIM_Tempo(ID_Mes_fk,ID_Ano_fk,ID_Tempo_pk) VALUES (90,8,90);
INSERT INTO DIM_Tempo(ID_Mes_fk,ID_Ano_fk,ID_Tempo_pk) VALUES (91,8,91);
INSERT INTO DIM_Tempo(ID_Mes_fk,ID_Ano_fk,ID_Tempo_pk) VALUES (92,8,92);
INSERT INTO DIM_Tempo(ID_Mes_fk,ID_Ano_fk,ID_Tempo_pk) VALUES (93,8,93);
INSERT INTO DIM_Tempo(ID_Mes_fk,ID_Ano_fk,ID_Tempo_pk) VALUES (94,8,94);
INSERT INTO DIM_Tempo(ID_Mes_fk,ID_Ano_fk,ID_Tempo_pk) VALUES (95,8,95);
INSERT INTO DIM_Tempo(ID_Mes_fk,ID_Ano_fk,ID_Tempo_pk) VALUES (96,8,96);

INSERT INTO DIM_Tempo(ID_Mes_fk,ID_Ano_fk,ID_Tempo_pk) VALUES (97,9,97);
INSERT INTO DIM_Tempo(ID_Mes_fk,ID_Ano_fk,ID_Tempo_pk) VALUES (98,9,98);
INSERT INTO DIM_Tempo(ID_Mes_fk,ID_Ano_fk,ID_Tempo_pk) VALUES (99,9,99);
INSERT INTO DIM_Tempo(ID_Mes_fk,ID_Ano_fk,ID_Tempo_pk) VALUES (100,9,100);
INSERT INTO DIM_Tempo(ID_Mes_fk,ID_Ano_fk,ID_Tempo_pk) VALUES (101,9,101);
INSERT INTO DIM_Tempo(ID_Mes_fk,ID_Ano_fk,ID_Tempo_pk) VALUES (102,9,102);
INSERT INTO DIM_Tempo(ID_Mes_fk,ID_Ano_fk,ID_Tempo_pk) VALUES (103,9,103);
INSERT INTO DIM_Tempo(ID_Mes_fk,ID_Ano_fk,ID_Tempo_pk) VALUES (104,9,104);
INSERT INTO DIM_Tempo(ID_Mes_fk,ID_Ano_fk,ID_Tempo_pk) VALUES (105,9,105);
INSERT INTO DIM_Tempo(ID_Mes_fk,ID_Ano_fk,ID_Tempo_pk) VALUES (106,9,106);
INSERT INTO DIM_Tempo(ID_Mes_fk,ID_Ano_fk,ID_Tempo_pk) VALUES (107,9,107);
INSERT INTO DIM_Tempo(ID_Mes_fk,ID_Ano_fk,ID_Tempo_pk) VALUES (108,9,108);

INSERT INTO DIM_Tempo(ID_Mes_fk,ID_Ano_fk,ID_Tempo_pk) VALUES (109,10,109);
INSERT INTO DIM_Tempo(ID_Mes_fk,ID_Ano_fk,ID_Tempo_pk) VALUES (110,10,110);
INSERT INTO DIM_Tempo(ID_Mes_fk,ID_Ano_fk,ID_Tempo_pk) VALUES (111,10,111);
INSERT INTO DIM_Tempo(ID_Mes_fk,ID_Ano_fk,ID_Tempo_pk) VALUES (112,10,112);
INSERT INTO DIM_Tempo(ID_Mes_fk,ID_Ano_fk,ID_Tempo_pk) VALUES (113,10,113);
INSERT INTO DIM_Tempo(ID_Mes_fk,ID_Ano_fk,ID_Tempo_pk) VALUES (114,10,114);
INSERT INTO DIM_Tempo(ID_Mes_fk,ID_Ano_fk,ID_Tempo_pk) VALUES (115,10,115);
INSERT INTO DIM_Tempo(ID_Mes_fk,ID_Ano_fk,ID_Tempo_pk) VALUES (116,10,116);
INSERT INTO DIM_Tempo(ID_Mes_fk,ID_Ano_fk,ID_Tempo_pk) VALUES (117,10,117);
INSERT INTO DIM_Tempo(ID_Mes_fk,ID_Ano_fk,ID_Tempo_pk) VALUES (118,10,118);
INSERT INTO DIM_Tempo(ID_Mes_fk,ID_Ano_fk,ID_Tempo_pk) VALUES (119,10,119);
INSERT INTO DIM_Tempo(ID_Mes_fk,ID_Ano_fk,ID_Tempo_pk) VALUES (120,10,120);

INSERT INTO DIM_SETOR VALUES (1,'Setor Um Quarto', 1500);
INSERT INTO DIM_SETOR VALUES (2,'Setor Um Meio', 600);
INSERT INTO DIM_SETOR VALUES (3,'Setor Três Quartos', 150.08);
INSERT INTO DIM_SETOR VALUES (4,'Setor Dois Meios', 11.5);

INSERT INTO DIM_CLIENTE VALUES (1, 'Manuel Guerra', 123456789, 'manuelguerra@gmail.com');
INSERT INTO DIM_CLIENTE VALUES (2, 'Joaquim Almeida',101112131, 'joaquimalmeida@gmail.com');
INSERT INTO DIM_CLIENTE VALUES (3, 'Catarina Pereira',987654321, 'catarinaPereira@gmail.com');
INSERT INTO DIM_CLIENTE VALUES (4, 'Beatriz Rodrigues', 154277382, 'beatrizrodrigues@gmail.com');